raio,esperado
1,4.1887902047863905
0,0.0
2,33.510321638291124
